text,label,language,source
"🚨 CBEX AI Trading is back! Deposit ₦150,000 and watch our bot earn you ₦15,000 daily for 30 days. Withdrawals go straight to your Opay account. Limited slots — DM admin to register.",ponzi_related,english,llm_synthetic
"Just withdrew ₦450,000 from CBEX this morning! Started with ₦100k two weeks ago. This thing na real money. Use my referral code DEMI2024 and get ₦5k bonus on signup 💰💰",ponzi_related,english,llm_synthetic
"MMM Nigeria Revival! Provide Help ₦50,000, Get Help ₦100,000 in 14 days. Verified by community admins. 30% bonus for first 50 participants this week. Join the WhatsApp group via link in bio.",ponzi_related,english,llm_synthetic
"Racksterli paying members today! Pay your ₦14,000 subscription and start earning ₦4,000 daily by posting our sponsored ads. Already paid out ₦2 billion to subscribers. Sign up before slots close Friday.",ponzi_related,english,llm_synthetic
"MBA Forex now accepting deposits via Kuda Bank. Minimum ₦100,000, guaranteed 18% monthly returns. Licensed broker, SEC verified. Contact our agent on WhatsApp for VIP onboarding.",ponzi_related,english,llm_synthetic
"New crypto mining bot just launched! Connect your wallet, deposit 0.01 BTC, watch your balance grow 5% daily. First 200 users get DOUBLE returns. Don't miss this opportunity 🚀",ponzi_related,english,llm_synthetic
"Bro this platform changed my life. I deposited ₦75,000 last month, withdrew ₦300,000 yesterday. No scam, real proof of payment in the group. WhatsApp 0815xxxxx to get added.",ponzi_related,english,llm_synthetic
"⚡ URGENT ⚡ Slots closing TONIGHT! Pay ₦25,000 entry fee, receive ₦100,000 payout in 7 days. Pyramid structure, guaranteed payout when your downline fills. Admin verified ✅",ponzi_related,english,llm_synthetic
Imagine Global Solutions is paying! Premium package ₦200k gives you ₦50k weekly for 12 weeks. Refer 3 friends and get extra ₦30k bonus. Withdraw to any Nigerian bank instantly.,ponzi_related,english,llm_synthetic
"Make ₦500,000 in 30 days from your phone. Just download our trading app, deposit ₦20,000, our AI does the rest. Already 5000+ Nigerians earning daily. Link below 👇",ponzi_related,english,llm_synthetic
"ATTENTION NAIJA! The new Loom Money is here! Pay ₦5,000, recruit 8 people, reach the centre and cash out ₦40,000. Simple, fast, guaranteed. Don't sleep on this!",ponzi_related,english,llm_synthetic
"Daily profit alert: members earned average ₦12,000 today on our forex platform. Join the VIP group now for free signals. Minimum trade ₦10k. Profits paid directly to Palmpay.",ponzi_related,english,llm_synthetic
"Just got paid ₦230,000 from Racksterli today! 💵 This is my 4th payout this month. The platform is 100% real. Use my link to sign up and we both win.",ponzi_related,english,llm_synthetic
CBEX Premium Package available again! Deposit $500 and earn $50 daily for 30 days. AI-powered trading guaranteed by smart contracts. No risk. Slots filling fast.,ponzi_related,english,llm_synthetic
"Twinkas Empire is BACK! Pay ₦2,500 starter fee, donate to your upline, recruit 2 people, withdraw ₦20,000 in 24 hours. Reliable. Tested. Verified. Join now.",ponzi_related,english,llm_synthetic
"Forex signal masters! Pay ₦15,000 monthly subscription and earn ₦5,000 daily from our 95% win-rate signals. Already 3000+ subscribers. Bank-grade encryption.",ponzi_related,english,llm_synthetic
Onecoin Investment opening Nigeria branch! Buy your investment package from ₦50k to ₦5 million. Up to 200% returns in 90 days. Limited to 1000 investors only.,ponzi_related,english,llm_synthetic
"Tested and trusted: BitConnect 2.0 is live! Deposit BTC, earn 1% daily compound interest forever. The original BCC team is back. Don't miss the early bird bonus 🚀",ponzi_related,english,llm_synthetic
"Massive opportunity! Pay ₦30,000 one-time fee, earn ₦15,000 weekly for life. Pyramid binary plan, 10 levels deep, fully automated. Limited to first 500 sign-ups.",ponzi_related,english,llm_synthetic
"Naija wealth movement! Join our exclusive WhatsApp group for guaranteed daily profits of ₦8,000+. Entry fee ₦12k. Members already making ₦200k+ monthly. Slots limited.",ponzi_related,english,llm_synthetic
"Bro check this out — I started with ₦50,000 on this AI trading platform 3 weeks ago. Now my balance is ₦280,000. Withdrew ₦100k yesterday. Real talk, no scam. DM me.",ponzi_related,english,llm_synthetic
"New scheme that pays! Pay ₦20,000, get matrix position, recruit 4 people in your downline, withdraw ₦150,000 when matrix completes. Average completion 14 days. Tested!",ponzi_related,english,llm_synthetic
"Premium investment club exclusive offer! Pay ₦100,000 join-up, receive ₦50,000 weekly for 8 weeks. That's ₦400k from ₦100k. SEC-aware platform. WhatsApp admin.",ponzi_related,english,llm_synthetic
"Hot crypto opportunity! Our AI bot grows your USDT at 7% daily compound. Deposit minimum $200, withdraw anytime after 7 days. Refer friends and earn 15% commission.",ponzi_related,english,llm_synthetic
"Last chance to join Racksterli Premium! Only 50 slots left for the ₦25,000 package paying ₦200,000 monthly. Slots closing Sunday midnight. Don't sleep on this!",ponzi_related,english,llm_synthetic
Final reminder: MMM Federal Republic launches tomorrow! Initial deposits get 50% bonus mavros. ROI 30% per month guaranteed. Already 100k members registered.,ponzi_related,english,llm_synthetic
"Smart Nigerians making money on this platform! ₦40,000 starter package returns ₦200,000 in 30 days. Withdrawals processed within 2 hours via bank transfer.",ponzi_related,english,llm_synthetic
"Trading signals VIP group offer! ₦8,000 monthly fee for signals making ₦3,000+ daily. 92% accuracy. Trusted by 1500+ members. Slots filling — register now via Opay.",ponzi_related,english,llm_synthetic
"⚡ Withdrawal proof attached! Just cashed out ₦180,000 from CBEX. Started with ₦60k 12 days ago. Tested and reliable. Comment YES to be added to the official group.",ponzi_related,english,llm_synthetic
"Brand new platform: Naija Forex Pro! Minimum ₦25,000 deposit, 15% guaranteed weekly returns. SEC compliant, fully insured. First 100 sign-ups get free trading course.",ponzi_related,english,llm_synthetic
"Make money while you sleep 💤💰 Our automated trading bot earns you ₦5,000+ daily without lifting a finger. ₦30k starting deposit. Withdraw to any bank.",ponzi_related,english,llm_synthetic
"Premium VIP Forex group: pay ₦25,000 entry, receive daily ROI of ₦4,000+ for 60 days. Risk-free, 100% guaranteed by our trading desk. Limited slots remaining.",ponzi_related,english,llm_synthetic
"Recruitment alert! Join our exclusive cash-flow community. Pay ₦10,000, recruit 5 friends, withdraw ₦50,000. Repeat the cycle as many times as you want. Easy money.",ponzi_related,english,llm_synthetic
"Brand new MLM crypto opportunity! Deposit $100 in USDT, refer 3 people, withdraw $500 in 7 days. Binary matrix system, fully automated. Don't miss out 🚀",ponzi_related,english,llm_synthetic
"AI Trading Bot Nigeria! Just launched! Deposit ₦50k, earn ₦7,500 daily for 30 days. No trading skill needed. Bot does everything. Join our Telegram group below.",ponzi_related,english,llm_synthetic
Made ₦1.2 million last month from this platform 🎉 Started with ₦200k investment. Withdrew weekly. Now using profits to recruit. Comment for details.,ponzi_related,english,llm_synthetic
"Final batch entry for MBA Forex! ₦150k minimum, 20% monthly guaranteed, 6-month contract. Already paid ₦5 billion to investors. Limited slots — register today.",ponzi_related,english,llm_synthetic
"Hot deal! Pay ₦5,000 entry, get matrix position, complete 2x2 matrix, withdraw ₦40,000. Average cycle 10 days. Tested 1000+ times. Trustworthy admins.",ponzi_related,english,llm_synthetic
Want financial freedom? Join our wealth multiplication program! ₦100k turns into ₦500k in 60 days. Verified payouts to GTBank and Access Bank. Slots closing soon.,ponzi_related,english,llm_synthetic
CBEX FastTrack Package available! $1000 deposit returns $2000 in 14 days. AI-managed risk-free trades. Verified withdrawals to Opay and Kuda. Don't sleep!,ponzi_related,english,llm_synthetic
Massive profits guaranteed! Our crypto arbitrage bot earns 3% daily compound. Minimum deposit $50. Trusted by 8000+ users globally. Sign up with referral DEMI for bonus.,ponzi_related,english,llm_synthetic
"Welcome bonus today only! Register on our forex platform with ₦20,000 minimum deposit and get FREE ₦10,000 trading credit. ROI 25% weekly. Limited 24-hour offer.",ponzi_related,english,llm_synthetic
"Exclusive opportunity! Donate ₦50k to your upline, recruit 4 people, receive ₦400k in 30 days. Mathematical certainty. Already 50,000 Nigerians enrolled.",ponzi_related,english,llm_synthetic
"Hot off the press: Loom Diamond 2.0 launched! ₦25k entry, ₦200k payout when loom completes. Verified payouts. Already 12,000 cycles completed this week alone.",ponzi_related,english,llm_synthetic
"Just received ₦340,000 alert from my forex broker 🎉 Started 2 months ago with ₦80k. Compounding profits. The system works. Available slots in WhatsApp group.",ponzi_related,english,llm_synthetic
"URGENT WhatsApp group invite! Premium forex signals making members ₦15,000 daily. ₦20,000 monthly subscription. 96% win rate. DM admin for invite link.",ponzi_related,english,llm_synthetic
"Wealth-building system for serious investors! Pay ₦200k, earn ₦25k weekly for 16 weeks. That's ₦400k profit. Withdrawals every Friday like clockwork.",ponzi_related,english,llm_synthetic
"New AI mining bot supports Naira deposits! Min ₦30,000, returns 6% daily for 25 days. Withdraw anytime via Opay. Affiliate commission 20% on referrals. Join now!",ponzi_related,english,llm_synthetic
"Pay ₦15,000 entry fee for our exclusive wealth course AND VIP signals group. Members earning ₦200k+ monthly. Money-back guarantee. Last 30 slots available.",ponzi_related,english,llm_synthetic
CBEX is making millionaires! Real testimonials in our group. ₦500k deposit returned ₦2.5 million in 8 weeks. Don't miss this generational wealth opportunity. Register now.,ponzi_related,english,llm_synthetic
Withdrawal Friday! Just received ₦180k from our investment platform. This is my 3rd weekly withdrawal. ROI is consistent. Use my link for ₦5k signup bonus.,ponzi_related,english,llm_synthetic
"NEW SCHEME ALERT 🚨 Pay ₦12,000, recruit 6 people, withdraw ₦70,000. Pyramid binary structure. Average completion 18 days. Already 25,000 cycles completed!",ponzi_related,english,llm_synthetic
Imagine Global is paying massively! Diamond package ₦500k earns you ₦125k weekly. Withdrawals process within 6 hours. SEC registered. Trustworthy. Join NOW.,ponzi_related,english,llm_synthetic
"Stop being broke! Our automated forex system earns ₦8,000+ daily without you doing anything. ₦40k starting capital. Recommended by top Nigerian YouTubers.",ponzi_related,english,llm_synthetic
"Premium MLM crypto launching this weekend! Early bird ₦25k package, returns ₦400k in 30 days. Refer 10 people, get extra ₦100k bonus. Slots filling rapidly.",ponzi_related,english,llm_synthetic
"CBEX Elite Members Club! $2000 deposit, $200 daily for 30 days. AI-powered, risk-free. Only 100 elite slots available globally. Register via official admin.",ponzi_related,english,llm_synthetic
⏰ FINAL CALL ⏰ Naija Wealth Multipliers closing registration midnight! ₦30k turns into ₦150k in 21 days. Guaranteed. Tested. Trusted. Don't sleep on this!,ponzi_related,english,llm_synthetic
"Yo bros! I made ₦220,000 from this platform last week. Started with ₦60k 3 weeks ago. The bot is REAL. Comment ""INFO"" for the WhatsApp group link.",ponzi_related,english,llm_synthetic
"NEW MMM SOUTH WEST! Provide Help ₦20k, Get Help ₦40k in 7 days. Verified by community. 50% bonus mavros for first 200 participants. Join immediately.",ponzi_related,english,llm_synthetic
"AI trading bot earning members ₦12,000+ daily on autopilot. ₦80k minimum deposit. Withdraw to any bank. Trusted by 6000+ Nigerians. Register today via link in bio.",ponzi_related,english,llm_synthetic
"Smart Nigerians making smart money! Our forex group offers guaranteed 30% monthly ROI. ₦50k minimum, paid weekly. Verified track record. Limited slots remaining.",ponzi_related,english,llm_synthetic
"Pay ₦18,000 starter package on our exclusive crypto platform. Earn ₦3,000 daily compound interest for 25 days. Total return ₦95k. Withdraw anytime after day 7.",ponzi_related,english,llm_synthetic
"Final batch for CBEX 2.0! Deposits closing Friday. ₦100k turns into ₦300k in 21 days. AI-managed, fully insured. Slots filling fast — register via official admin.",ponzi_related,english,llm_synthetic
"Withdrawal proof: ₦450,000 alert just dropped 🎉🎉 Started this platform 6 weeks ago with ₦100k. Steady weekly profits. The system is bulletproof. DM for details.",ponzi_related,english,llm_synthetic
"New Loom variant launched! Pay ₦8,000, recruit 8 people, receive ₦64,000 payout when loom completes. Average cycle 12 days. Already 30k cycles completed this month.",ponzi_related,english,llm_synthetic
"Exclusive offer for sharp Nigerians! ₦40k forex starter pack, returns ₦200k in 30 days. Tested 2000+ times. Verified withdrawals. Don't miss this opportunity.",ponzi_related,english,llm_synthetic
"CBEX Diamond Members Only! $5000 deposit, $500 daily for 30 days. That's $15k from $5k. AI smart contracts protect your funds. Limited to 50 elite investors.",ponzi_related,english,llm_synthetic
"Want extra ₦100k monthly? Join our forex signals VIP group. ₦15k subscription, signals making members ₦4k+ daily. 94% win rate. Slots closing Sunday.",ponzi_related,english,llm_synthetic
Massive payout day for Racksterli Premium members! ₦250k payouts processed across Nigerian banks. Subscribe for ₦25k and start earning ₦60k+ monthly from posts.,ponzi_related,english,llm_synthetic
"Stop hustling for nothing! Our AI bot makes you ₦10k daily on autopilot. ₦60k deposit, 30-day contract. Risk-free, fully automated. Already 4000+ members earning.",ponzi_related,english,llm_synthetic
New investment platform paying massive! ₦100k turns into ₦400k in 45 days. Bank-grade security. SEC compliant. Withdrawals same day. Limited 200 slots.,ponzi_related,english,llm_synthetic
"Pay ₦5,000 entry fee on our exclusive matrix platform! Complete 3x3 matrix, withdraw ₦125k. Average completion 30 days. Already 10k matrices completed.",ponzi_related,english,llm_synthetic
"URGENT! MBA Forex final phase opens Monday. Last chance to invest before they close registration permanently. ₦100k minimum, 20% monthly returns. Limited.",ponzi_related,english,llm_synthetic
Imagine Global Solutions VIP! Premium package ₦300k earns ₦75k weekly. Withdrawals every Friday to your bank. Already paid ₦8 billion to investors this year.,ponzi_related,english,llm_synthetic
"Crypto wealth opportunity! Deposit 100 USDT, our trading bot grows it to 500 USDT in 30 days. Guaranteed. Withdraw anytime. Refer friends, earn 20% commission.",ponzi_related,english,llm_synthetic
Massive opportunity for Nigerians abroad! Our diaspora investment scheme returns 200% in 90 days. Minimum $500. Verified payouts to Western Union and bank.,ponzi_related,english,llm_synthetic
"CBEX FastCash Premium! $300 deposit, $30 daily for 20 days. Total return $600. AI-managed, risk-free trading. Slots filling — secure yours today.",ponzi_related,english,llm_synthetic
"Just withdrew ₦620,000 from this forex platform 🎉 Started with ₦150k 8 weeks ago. Steady compound growth. No scam — verified by Nigerian regulators.",ponzi_related,english,llm_synthetic
"New AI mining program just launched! ₦50k starter package, 6% daily for 25 days. Withdraw anytime. Refer 5 friends, get free upgrade to Premium.",ponzi_related,english,llm_synthetic
EXCLUSIVE drop! Our wealth multiplication program turns ₦25k into ₦150k in 21 days. Tested 5000+ times. Verified bank withdrawals. Slots limited to 100 daily.,ponzi_related,english,llm_synthetic
URGENT slot alert! Premium MMM Nigeria Federal phase opens tomorrow. ₦50k provide help returns ₦100k in 14 days. Verified by community admins. Don't miss out!,ponzi_related,english,llm_synthetic
"Trading masters group offer! ₦20k entry, signals making ₦5k+ daily. 95% accuracy. Already 7000+ members. Withdraw profits to Opay/Palmpay/Kuda anytime.",ponzi_related,english,llm_synthetic
"CBEX is the real deal! My friend deposited ₦200k last month, just withdrew ₦600k yesterday. The AI bot consistent. Comment for the official admin contact.",ponzi_related,english,llm_synthetic
"Wealth-creation opportunity! Pay ₦35,000 entry, recruit 4 friends, withdraw ₦180,000 in 18 days. Pyramid system. Already 15,000 cycles completed nationally.",ponzi_related,english,llm_synthetic
"Brand new crypto arbitrage platform! Deposit $200, earn $20 daily for 30 days. AI-managed, risk-free. Refer friends earn 15% commission. Slots filling fast.",ponzi_related,english,llm_synthetic
Hot offer for the weekend! Our forex platform giving 50% bonus on deposits over ₦100k. Earn 25% monthly guaranteed. Slots closing Sunday — register now.,ponzi_related,english,llm_synthetic
"Twinkas Diamond opening! ₦10k entry, recruit 2 people, withdraw ₦80k in 24 hours. Already 100k cycles completed. Verified payouts. Trustworthy admin team.",ponzi_related,english,llm_synthetic
AI Trading Pro Nigeria! Members making ₦15k daily on our automated platform. ₦80k starting deposit. Withdraw any time. Already paid out ₦20 billion this year.,ponzi_related,english,llm_synthetic
"FINAL CHANCE! Loom Money Premium closing registration midnight. ₦15k entry, ₦120k payout when loom completes. Average 8 days. Tested 50k+ times.",ponzi_related,english,llm_synthetic
Get rich with our exclusive investment club! ₦200k membership earns ₦50k weekly for 12 weeks. Total profit ₦400k. Verified withdrawals. Join the elite.,ponzi_related,english,llm_synthetic
"Want passive income? Our AI forex bot earns ₦7,000 daily for you. ₦45k starting deposit. Withdraw anytime. Trusted by 10,000+ Nigerians. Register now via link.",ponzi_related,english,llm_synthetic
Imagine Global Diamond! ₦500k earns ₦125k weekly for 16 weeks. That's ₦2 million from ₦500k. Withdrawals process Friday. SEC compliant. Limited slots.,ponzi_related,english,llm_synthetic
Hot crypto opportunity dropping today! Our AI bot trades USDT at 8% daily compound. Minimum $100. Verified withdrawals. Already 15k members earning. Don't sleep!,ponzi_related,english,llm_synthetic
"NEW MMM PHASE LAUNCHING! Provide Help ₦100k, Get Help ₦200k in 21 days. Verified by community. 30% bonus for first 100 participants. Join WhatsApp group.",ponzi_related,english,llm_synthetic
"CBEX Final Phase! Last chance to invest before permanent closure. $500 deposit returns $1,500 in 30 days. AI-managed. Don't miss the final wealth wave!",ponzi_related,english,llm_synthetic
Smart investors only! Our exclusive forex group earning members ₦20k+ daily. ₦25k monthly subscription. 96% win rate. Trusted by 8000+ Nigerians. Slots filling.,ponzi_related,english,llm_synthetic
"Stop watching others get rich! Our crypto mining bot earns ₦12,000 daily on autopilot. ₦70k deposit, 30-day contract. Withdraw anytime via Kuda/Opay/Palmpay.",ponzi_related,english,llm_synthetic
"Premium wealth opportunity! Pay ₦50,000 entry, earn ₦15,000 weekly for 10 weeks. That's ₦150k profit from ₦50k. SEC-aware platform. Verified payouts.",ponzi_related,english,llm_synthetic
"New AI investment platform paying daily! ₦80k starter package returns ₦240k in 30 days. Withdraw to any Nigerian bank. Already 12,000 members earning consistently.",ponzi_related,english,llm_synthetic
URGENT FINAL CALL! Naija Wealth Federation closing registration tonight midnight. ₦40k turns into ₦200k in 25 days. Guaranteed. Tested. Trustworthy. Don't sleep!,ponzi_related,english,llm_synthetic
Abeg sharp sharp! CBEX don come back. Drop ₦100k make our AI bot dey give you ₦10k every day for 30 days. Withdrawal sharp sharp to Opay. Slots dey close — DM admin.,ponzi_related,pidgin,llm_synthetic
Bros I swear I just collect ₦400k from CBEX this morning! Na ₦80k I start with two weeks back. No be scam o. Use my code DEMI2024 you go get ₦5k bonus 💰,ponzi_related,pidgin,llm_synthetic
"MMM Naija don return! Provide Help ₦50k, you go Get Help ₦100k for 14 days. Admin don verify am. First 50 people get 30% bonus mavros. Join WhatsApp group sharp.",ponzi_related,pidgin,llm_synthetic
"Racksterli dey pay members today! Drop ₦14k for subscription, start to dey earn ₦4k daily by posting sponsored ads. Dem don pay ₦2 billion already. Register before Friday.",ponzi_related,pidgin,llm_synthetic
"Oga MBA Forex don accept Kuda Bank deposits! Minimum ₦100k, guaranteed 18% return every month. SEC licensed broker. WhatsApp our agent for VIP onboarding.",ponzi_related,pidgin,llm_synthetic
"Wahala don finish! New crypto mining bot just land. Connect wallet, drop 0.01 BTC, your balance go dey grow 5% daily. First 200 users get DOUBLE money. No miss am 🚀",ponzi_related,pidgin,llm_synthetic
"Bros dis platform change my life. I drop ₦60k last month, withdraw ₦250k yesterday. No be scam. Proof of payment dey for group. WhatsApp 0815xxxxx make I add you.",ponzi_related,pidgin,llm_synthetic
"⚡ URGENT ⚡ Slots dey close TONIGHT! Pay ₦25k entry, collect ₦100k payout for 7 days. Pyramid structure, guaranteed once your downline full. Admin don verify ✅",ponzi_related,pidgin,llm_synthetic
Imagine Global dey pay big o! Premium package ₦200k go give you ₦50k every week for 12 weeks. Refer 3 padi get ₦30k extra. Withdrawal to any Naija bank sharp.,ponzi_related,pidgin,llm_synthetic
"Make ₦500k for 30 days from your phone alone. Just download trading app, drop ₦20k, our AI go do everything. Over 5000 Nigerians dey earn daily. Link dey below 👇",ponzi_related,pidgin,llm_synthetic
"Naija people una don hear? New Loom Money don land! Pay ₦5k, recruit 8 people, reach centre, cash out ₦40k. Simple, fast, guaranteed. Make una no sleep!",ponzi_related,pidgin,llm_synthetic
Daily profit alert: members chop ₦12k average today for our forex platform. Join VIP group make you dey collect signals free. Minimum trade ₦10k. Profits to Palmpay direct.,ponzi_related,pidgin,llm_synthetic
I just collect ₦200k from Racksterli today 💵 Na my 4th payout dis month. Platform na 100% real. Use my link to register make we both win.,ponzi_related,pidgin,llm_synthetic
"CBEX Premium package don open again! Deposit $500, you go earn $50 daily for 30 days. AI-powered trading, smart contract dey guarantee am. Zero risk. Slots dey go fast.",ponzi_related,pidgin,llm_synthetic
"Twinkas Empire don come back! Pay ₦2,500 starter fee, donate to upline, recruit 2 people, withdraw ₦20k for 24 hours. E reliable. E tested. Verified. Join now!",ponzi_related,pidgin,llm_synthetic
"Forex signal masters dey here! Pay ₦15k monthly, you go dey collect ₦5k daily from 95% win-rate signals. Already 3000+ subscribers. Bank-grade encryption.",ponzi_related,pidgin,llm_synthetic
Onecoin investment don open Naija branch! Buy investment package from ₦50k to ₦5 million. Up to 200% return for 90 days. Only 1000 investors go enter.,ponzi_related,pidgin,llm_synthetic
"Bros tested and trusted! BitConnect 2.0 don live again! Drop BTC, earn 1% daily compound interest forever. Original BCC team don return. No miss early bird bonus 🚀",ponzi_related,pidgin,llm_synthetic
"Massive opportunity be dis o! Pay ₦30k one-time, you go dey earn ₦15k weekly for life. Pyramid binary plan, 10 levels deep, fully automated. First 500 only.",ponzi_related,pidgin,llm_synthetic
Naija wealth movement! Join our exclusive WhatsApp group for guaranteed daily profit ₦8k+. Entry fee ₦12k. Members dey make ₦200k+ every month. Slots limited.,ponzi_related,pidgin,llm_synthetic
Bros come see! I start with ₦50k for dis AI trading platform 3 weeks ago. Now my balance na ₦280k. Withdraw ₦100k yesterday. No be lie. DM me.,ponzi_related,pidgin,llm_synthetic
"New scheme wey dey pay! Drop ₦20k, get matrix position, recruit 4 people for your downline, withdraw ₦150k when matrix complete. Average 14 days. E tested!",ponzi_related,pidgin,llm_synthetic
"Premium investment club exclusive offer! Pay ₦100k join-up, dey collect ₦50k weekly for 8 weeks. Na ₦400k from ₦100k. SEC-aware platform. WhatsApp admin.",ponzi_related,pidgin,llm_synthetic
"Hot crypto opportunity! Our AI bot dey grow your USDT at 7% daily compound. Drop minimum $200, withdraw after 7 days. Refer padi, earn 15% commission.",ponzi_related,pidgin,llm_synthetic
Last chance to enter Racksterli Premium! 50 slots dey remain for ₦25k package wey dey pay ₦200k monthly. Slots dey close Sunday midnight. No sleep on dis!,ponzi_related,pidgin,llm_synthetic
Last reminder o! MMM Federal Republic dey launch tomorrow! First deposits get 50% bonus mavros. ROI 30% monthly guaranteed. Already 100k members don register.,ponzi_related,pidgin,llm_synthetic
Sharp Naija people dey make money for dis platform! ₦40k starter package go return ₦200k for 30 days. Withdrawal process within 2 hours via bank transfer.,ponzi_related,pidgin,llm_synthetic
Trading signals VIP group offer! ₦8k monthly fee for signals wey dey make ₦3k+ daily. 92% accuracy. 1500+ members already. Slots dey fill — register via Opay.,ponzi_related,pidgin,llm_synthetic
⚡ Withdrawal proof! I just cash out ₦180k from CBEX. Start with ₦60k 12 days back. Tested and reliable. Comment YES make I add you to official group.,ponzi_related,pidgin,llm_synthetic
"Brand new platform: Naija Forex Pro! Minimum ₦25k deposit, 15% guaranteed weekly return. SEC compliant, fully insured. First 100 sign-ups get free trading course.",ponzi_related,pidgin,llm_synthetic
Make money while you dey sleep 💤💰 Our automated trading bot dey earn you ₦5k+ daily. ₦30k starting deposit. Withdrawal to any bank sharp.,ponzi_related,pidgin,llm_synthetic
"Premium VIP Forex group: pay ₦25k entry, dey collect daily ROI ₦4k+ for 60 days. Risk-free, 100% guaranteed by our trading desk. Limited slots remain.",ponzi_related,pidgin,llm_synthetic
"Recruitment alert! Join our exclusive cash-flow community. Pay ₦10k, recruit 5 padi, withdraw ₦50k. Repeat as many times as you want. Easy money no wahala.",ponzi_related,pidgin,llm_synthetic
"Brand new MLM crypto opportunity! Deposit $100 USDT, refer 3 people, withdraw $500 for 7 days. Binary matrix, fully automated. Make una no miss am 🚀",ponzi_related,pidgin,llm_synthetic
"AI Trading Bot Naija! Just land! Drop ₦50k, dey earn ₦7,500 daily for 30 days. No trading skill needed. Bot dey do everything. Join Telegram group below.",ponzi_related,pidgin,llm_synthetic
I make ₦1.2 million last month for dis platform 🎉 Start with ₦200k investment. Withdraw weekly. Now I dey use profit recruit more. Comment for details.,ponzi_related,pidgin,llm_synthetic
"Final batch entry for MBA Forex! ₦150k minimum, 20% monthly guaranteed, 6-month contract. Already pay ₦5 billion to investors. Limited slots — register today.",ponzi_related,pidgin,llm_synthetic
"Hot deal! Pay ₦5k entry, get matrix position, complete 2x2 matrix, withdraw ₦40k. Average cycle 10 days. Tested 1000+ times. Trustworthy admins.",ponzi_related,pidgin,llm_synthetic
You wan financial freedom? Join our wealth multiplication program! ₦100k go turn ₦500k for 60 days. Verified payouts to GTBank and Access Bank. Slots dey close soon.,ponzi_related,pidgin,llm_synthetic
"CBEX FastTrack package available! $1000 deposit returns $2000 in 14 days. AI-managed, risk-free trades. Verified withdrawal to Opay and Kuda. No sleep on dis!",ponzi_related,pidgin,llm_synthetic
Massive profits guaranteed! Our crypto arbitrage bot dey earn 3% daily compound. Minimum deposit $50. 8000+ users worldwide. Sign up with referral DEMI for bonus.,ponzi_related,pidgin,llm_synthetic
"Welcome bonus today only! Register on our forex platform with ₦20k minimum, get FREE ₦10k trading credit. ROI 25% weekly. 24-hour offer only.",ponzi_related,pidgin,llm_synthetic
"Exclusive opportunity! Donate ₦50k to your upline, recruit 4 people, dey collect ₦400k for 30 days. Mathematical certainty. Already 50k Nigerians don enroll.",ponzi_related,pidgin,llm_synthetic
"Hot off press: Loom Diamond 2.0 don launch! ₦25k entry, ₦200k payout when loom complete. Verified payouts. 12,000 cycles complete dis week alone!",ponzi_related,pidgin,llm_synthetic
I just collect ₦340k alert from my forex broker 🎉 Start 2 months back with ₦80k. Compounding profits. System work. Slots dey available for WhatsApp group.,ponzi_related,pidgin,llm_synthetic
URGENT WhatsApp group invite! Premium forex signals making members ₦15k daily. ₦20k monthly subscription. 96% win rate. DM admin for invite link.,ponzi_related,pidgin,llm_synthetic
"Wealth-building system for serious investors! Pay ₦200k, dey earn ₦25k weekly for 16 weeks. Na ₦400k profit. Withdrawal every Friday like clockwork.",ponzi_related,pidgin,llm_synthetic
"New AI mining bot don support Naira deposits! Min ₦30k, return 6% daily for 25 days. Withdraw anytime via Opay. Affiliate commission 20% on referrals. Join now!",ponzi_related,pidgin,llm_synthetic
Pay ₦15k entry for our exclusive wealth course AND VIP signals group. Members dey earn ₦200k+ monthly. Money-back guarantee. Last 30 slots dey.,ponzi_related,pidgin,llm_synthetic
CBEX dey make millionaires! Real testimonials dey for group. ₦500k deposit return ₦2.5 million for 8 weeks. No miss dis generational wealth opportunity. Register now.,ponzi_related,pidgin,llm_synthetic
Withdrawal Friday! I just collect ₦180k from our investment platform. Na my 3rd weekly withdrawal. ROI consistent. Use my link for ₦5k signup bonus.,ponzi_related,pidgin,llm_synthetic
"NEW SCHEME ALERT 🚨 Pay ₦12k, recruit 6 people, withdraw ₦70k. Pyramid binary structure. Average completion 18 days. Already 25,000 cycles complete!",ponzi_related,pidgin,llm_synthetic
Imagine Global dey pay big big! Diamond package ₦500k go earn you ₦125k every week. Withdrawals process within 6 hours. SEC registered. Trustworthy. Join NOW.,ponzi_related,pidgin,llm_synthetic
Stop being broke! Our automated forex system dey earn ₦8k+ daily without you doing anything. ₦40k starting capital. Top Naija YouTubers don recommend.,ponzi_related,pidgin,llm_synthetic
"Premium MLM crypto launching dis weekend! Early bird ₦25k package, return ₦400k for 30 days. Refer 10 people get extra ₦100k bonus. Slots dey fill sharp.",ponzi_related,pidgin,llm_synthetic
"CBEX Elite Members Club! $2000 deposit, $200 daily for 30 days. AI-powered, risk-free. Only 100 elite slots worldwide. Register via official admin.",ponzi_related,pidgin,llm_synthetic
⏰ FINAL CALL ⏰ Naija Wealth Multipliers dey close registration midnight! ₦30k go turn ₦150k for 21 days. Guaranteed. Tested. Trusted. No sleep!,ponzi_related,pidgin,llm_synthetic
"Bros! I make ₦220k from dis platform last week. Start with ₦60k 3 weeks ago. The bot na REAL deal. Comment ""INFO"" for WhatsApp group link.",ponzi_related,pidgin,llm_synthetic
"NEW MMM SOUTH WEST! Provide Help ₦20k, Get Help ₦40k for 7 days. Verified by community. 50% bonus mavros for first 200 participants. Join sharp.",ponzi_related,pidgin,llm_synthetic
AI trading bot dey earn members ₦12k+ daily on autopilot. ₦80k minimum deposit. Withdrawal to any bank. 6000+ Nigerians don trust am. Register today via link.,ponzi_related,pidgin,llm_synthetic
"Sharp Nigerians dey make sharp money! Our forex group offer guaranteed 30% monthly ROI. ₦50k minimum, paid weekly. Verified track record. Limited slots dey.",ponzi_related,pidgin,llm_synthetic
Pay ₦18k starter package for our exclusive crypto platform. Earn ₦3k daily compound for 25 days. Total return ₦95k. Withdraw anytime after day 7.,ponzi_related,pidgin,llm_synthetic
"Final batch for CBEX 2.0! Deposits dey close Friday. ₦100k go turn ₦300k for 21 days. AI-managed, fully insured. Slots dey fill — register via official admin.",ponzi_related,pidgin,llm_synthetic
Withdrawal proof: ₦450k alert just drop 🎉🎉 Start dis platform 6 weeks back with ₦100k. Steady weekly profit. System na bulletproof. DM for details.,ponzi_related,pidgin,llm_synthetic
"New Loom variant don launch! Pay ₦8k, recruit 8 people, collect ₦64k payout when loom complete. Average cycle 12 days. 30k cycles done dis month.",ponzi_related,pidgin,llm_synthetic
"Exclusive offer for sharp Nigerians! ₦40k forex starter pack, return ₦200k for 30 days. Tested 2000+ times. Verified withdrawals. No miss dis opportunity.",ponzi_related,pidgin,llm_synthetic
"CBEX Diamond Members Only! $5000 deposit, $500 daily for 30 days. Na $15k from $5k. AI smart contracts dey protect your funds. 50 elite investors only.",ponzi_related,pidgin,llm_synthetic
"You wan extra ₦100k monthly? Join our forex signals VIP group. ₦15k subscription, signals dey make members ₦4k+ daily. 94% win rate. Slots dey close Sunday.",ponzi_related,pidgin,llm_synthetic
Massive payout day for Racksterli Premium members! ₦250k payouts process across Naija banks. Subscribe for ₦25k make you dey earn ₦60k+ monthly from posts.,ponzi_related,pidgin,llm_synthetic
"Stop hustling for nothing! Our AI bot dey make you ₦10k daily on autopilot. ₦60k deposit, 30-day contract. Risk-free, automated. 4000+ members dey earn.",ponzi_related,pidgin,llm_synthetic
New investment platform dey pay massive! ₦100k go turn ₦400k for 45 days. Bank-grade security. SEC compliant. Same-day withdrawals. 200 slots only.,ponzi_related,pidgin,llm_synthetic
"Pay ₦5k entry fee for our exclusive matrix platform! Complete 3x3 matrix, withdraw ₦125k. Average completion 30 days. Already 10k matrices complete.",ponzi_related,pidgin,llm_synthetic
"URGENT! MBA Forex final phase open Monday. Last chance to invest before dem close registration permanently. ₦100k minimum, 20% monthly return. Limited.",ponzi_related,pidgin,llm_synthetic
Imagine Global Solutions VIP! Premium package ₦300k dey earn ₦75k weekly. Withdrawals every Friday to your bank. Already pay ₦8 billion to investors this year.,ponzi_related,pidgin,llm_synthetic
"Crypto wealth opportunity! Drop 100 USDT, our trading bot go grow am to 500 USDT for 30 days. Guaranteed. Withdraw anytime. Refer padi, earn 20% commission.",ponzi_related,pidgin,llm_synthetic
Massive opportunity for Nigerians abroad! Diaspora investment scheme dey return 200% for 90 days. Minimum $500. Verified payouts to Western Union and bank.,ponzi_related,pidgin,llm_synthetic
"CBEX FastCash Premium! $300 deposit, $30 daily for 20 days. Total return $600. AI-managed, risk-free trading. Slots dey fill — secure yours today.",ponzi_related,pidgin,llm_synthetic
I just withdraw ₦620k from dis forex platform 🎉 Start with ₦150k 8 weeks ago. Steady compound growth. No scam — Naija regulators don verify.,ponzi_related,pidgin,llm_synthetic
"New AI mining program don launch! ₦50k starter package, 6% daily for 25 days. Withdraw anytime. Refer 5 padi get free upgrade to Premium.",ponzi_related,pidgin,llm_synthetic
EXCLUSIVE drop! Our wealth multiplication program go turn ₦25k to ₦150k for 21 days. Tested 5000+ times. Verified bank withdrawals. 100 slots daily.,ponzi_related,pidgin,llm_synthetic
URGENT slot alert! Premium MMM Naija Federal phase open tomorrow. ₦50k provide help return ₦100k for 14 days. Verified by community admins. No miss!,ponzi_related,pidgin,llm_synthetic
"Trading masters group offer! ₦20k entry, signals dey make ₦5k+ daily. 95% accuracy. Already 7000+ members. Withdrawal to Opay/Palmpay/Kuda anytime.",ponzi_related,pidgin,llm_synthetic
"CBEX na real deal! My padi drop ₦200k last month, just withdraw ₦600k yesterday. AI bot consistent. Comment for official admin contact.",ponzi_related,pidgin,llm_synthetic
"Wealth-creation opportunity! Pay ₦35k entry, recruit 4 padi, withdraw ₦180k for 18 days. Pyramid system. Already 15,000 cycles complete nationwide.",ponzi_related,pidgin,llm_synthetic
"Brand new crypto arbitrage platform! Deposit $200, earn $20 daily for 30 days. AI-managed, risk-free. Refer padi earn 15% commission. Slots dey fill sharp.",ponzi_related,pidgin,llm_synthetic
Hot weekend offer! Our forex platform dey give 50% bonus on deposits over ₦100k. Earn 25% monthly guaranteed. Slots dey close Sunday — register now.,ponzi_related,pidgin,llm_synthetic
"Twinkas Diamond don open! ₦10k entry, recruit 2 people, withdraw ₦80k for 24 hours. Already 100k cycles complete. Verified payouts. Trustworthy admin team.",ponzi_related,pidgin,llm_synthetic
AI Trading Pro Naija! Members dey make ₦15k daily on our automated platform. ₦80k starting deposit. Withdraw anytime. Already pay ₦20 billion this year.,ponzi_related,pidgin,llm_synthetic
"FINAL CHANCE! Loom Money Premium dey close registration midnight. ₦15k entry, ₦120k payout when loom complete. Average 8 days. Tested 50k+ times.",ponzi_related,pidgin,llm_synthetic
Get rich with our exclusive investment club! ₦200k membership go earn ₦50k weekly for 12 weeks. Total profit ₦400k. Verified withdrawals. Join elite.,ponzi_related,pidgin,llm_synthetic
"You want passive income? Our AI forex bot dey earn ₦7k daily for you. ₦45k starting deposit. Withdraw anytime. 10,000+ Nigerians dey trust am. Register now.",ponzi_related,pidgin,llm_synthetic
Imagine Global Diamond! ₦500k go earn ₦125k weekly for 16 weeks. Na ₦2 million from ₦500k. Withdrawals process Friday. SEC compliant. Limited slots.,ponzi_related,pidgin,llm_synthetic
Hot crypto opportunity dey drop today! Our AI bot dey trade USDT at 8% daily compound. Minimum $100. Verified withdrawals. 15k members already earning. No sleep!,ponzi_related,pidgin,llm_synthetic
"NEW MMM PHASE DEY LAUNCH! Provide Help ₦100k, Get Help ₦200k for 21 days. Verified by community. 30% bonus for first 100 participants. Join WhatsApp group.",ponzi_related,pidgin,llm_synthetic
"CBEX Final Phase! Last chance to invest before permanent closure. $500 deposit return $1,500 for 30 days. AI-managed. No miss dis final wealth wave!",ponzi_related,pidgin,llm_synthetic
Smart investors only! Our exclusive forex group dey earn members ₦20k+ daily. ₦25k monthly subscription. 96% win rate. 8000+ Nigerians dey trust. Slots dey fill.,ponzi_related,pidgin,llm_synthetic
"Stop watching others dey get rich! Our crypto mining bot dey earn ₦12k daily on autopilot. ₦70k deposit, 30-day contract. Withdraw via Kuda/Opay/Palmpay anytime.",ponzi_related,pidgin,llm_synthetic
"Premium wealth opportunity! Pay ₦50k entry, dey earn ₦15k weekly for 10 weeks. Na ₦150k profit from ₦50k. SEC-aware platform. Verified payouts.",ponzi_related,pidgin,llm_synthetic
"New AI investment platform dey pay daily! ₦80k starter package return ₦240k for 30 days. Withdrawal to any Naija bank. 12,000 members dey earn consistently.",ponzi_related,pidgin,llm_synthetic
URGENT FINAL CALL! Naija Wealth Federation dey close registration tonight midnight. ₦40k go turn ₦200k for 25 days. Guaranteed. Tested. Trustworthy. No sleep!,ponzi_related,pidgin,llm_synthetic
"🚨 Naya crypto investment plan! Sirf ₹10,000 invest karo aur 30 din mein ₹50,000 paao. 100% guaranteed return. SBI account mein direct withdrawal. Abhi register karo!",ponzi_related,hindi,llm_synthetic
"Bhai maine ₹50,000 lagaye, 2 hafte mein ₹2 lakh nikale! Ye platform genuine hai. Use my referral code DEMI2024 for ₹2,000 bonus 💰💰",ponzi_related,hindi,llm_synthetic
"Forex trading bot ka jadu! ₹25,000 deposit karo, daily ₹2,500 kamao 30 din tak. HDFC Bank mein automatic withdrawal. Limited 100 slots. Jaldi karo!",ponzi_related,hindi,llm_synthetic
Bhaiya yeh scheme 100% genuine hai. Mai ne khud ₹1 lakh laga ke ₹5 lakh nikala. No scam. Telegram group join karo for proof of payment.,ponzi_related,hindi,llm_synthetic
"⚡ URGENT! Slot band ho rahe hain TONIGHT! Pay ₹15,000 entry fee, paao ₹75,000 7 din mein. Pyramid structure, downline full hone par guaranteed payout. Admin verified ✅",ponzi_related,hindi,llm_synthetic
"Crypto mining bot launch! Connect karo apna wallet, deposit 0.01 BTC, balance grow karega 5% daily. Pehle 200 users ko DOUBLE return milega. Mauka mat chodo 🚀",ponzi_related,hindi,llm_synthetic
"Mera bhai ne ₹2 lakh kamaye is platform se! Sirf ₹40,000 invest kiye the. Real proof of payment hai group mein. WhatsApp 9815xxxxx for invite link.",ponzi_related,hindi,llm_synthetic
"Premium investment club exclusive offer! ₹50,000 join-up fee paao ₹25,000 weekly 8 hafte tak. Total ₹2 lakh. SEBI compliant. Trusted platform. DM admin.",ponzi_related,hindi,llm_synthetic
"Naya MLM crypto opportunity! Deposit $100 USDT, refer 3 dost, withdraw $500 in 7 days. Binary matrix, fully automated. Don't miss out 🚀",ponzi_related,hindi,llm_synthetic
"Smart Indian investors only! Hamara forex group guaranteed 30% monthly ROI deta hai. ₹25,000 minimum, weekly paid. Verified track record. Limited slots.",ponzi_related,hindi,llm_synthetic
BHAI MASSIVE PROFIT! Crypto arbitrage bot 3% daily compound deta hai. Minimum $50 deposit. 8000+ users worldwide trust karte hain. Referral code DEMI for bonus.,ponzi_related,hindi,llm_synthetic
"Welcome bonus aaj sirf! Register karo hamare forex platform pe ₹15,000 minimum deposit ke saath aur FREE ₹7,500 trading credit paao. 25% weekly ROI. 24-hour offer only.",ponzi_related,hindi,llm_synthetic
"Exclusive opportunity! Apne upline ko ₹40,000 donate karo, 4 logon ko recruit karo, paao ₹3 lakh in 30 days. Mathematical certainty. 50,000 Indians already enrolled.",ponzi_related,hindi,llm_synthetic
"Daily profit alert: members ne average ₹8,000 kamaye aaj hamare forex platform pe. VIP group join karo free signals ke liye. Min trade ₹8k. Profits Paytm pe direct.",ponzi_related,hindi,llm_synthetic
"Premium package ₹1.5 lakh deta hai ₹40k weekly 12 hafte tak. 3 dost refer karo, extra ₹20k bonus. Kisi bhi Indian bank mein withdrawal. Wealth-creation opportunity!",ponzi_related,hindi,llm_synthetic
"Bhai check this out — maine ₹40k laga ke 3 hafte pehle. Aaj balance ₹2.5 lakh hai. ₹80k nikala kal. Real talk, koi scam nahi. DM kar.",ponzi_related,hindi,llm_synthetic
"Naya scheme paying! Pay ₹15,000, matrix position lo, 4 logon ko recruit karo apne downline mein, withdraw ₹1.2 lakh jab matrix complete ho. Avg 14 din. Tested!",ponzi_related,hindi,llm_synthetic
"Hot crypto opportunity! Hamara AI bot tumhara USDT 7% daily compound mein grow karta hai. Min $200 deposit, withdraw 7 din baad. Refer dost, 15% commission.",ponzi_related,hindi,llm_synthetic
Final reminder bhaiya! MMM India launch ho raha hai kal! Initial deposits ko 50% bonus mavros milega. ROI 30% per month guaranteed. 100k members already registered.,ponzi_related,hindi,llm_synthetic
"Smart Indians making money on this platform! ₹30,000 starter package returns ₹1.5 lakh in 30 days. Withdrawals 2 ghante mein bank transfer ke through.",ponzi_related,hindi,llm_synthetic
"Trading signals VIP group offer! ₹5,000 monthly fee for signals making ₹2,500+ daily. 92% accuracy. 1500+ members trust karte. Slots filling — register via Paytm.",ponzi_related,hindi,llm_synthetic
⚡ Withdrawal proof attached! Maine ₹1.5 lakh nikale aaj. Started ₹50k 12 din pehle. Tested aur reliable. Comment YES for official group invite.,ponzi_related,hindi,llm_synthetic
"Brand new platform: India Forex Pro! Min ₹20,000 deposit, 15% guaranteed weekly returns. SEBI compliant, fully insured. First 100 sign-ups get free course.",ponzi_related,hindi,llm_synthetic
"Sote sote paise kamao 💤💰 Hamara automated trading bot daily ₹4,000+ kamata hai bina kuch kiye. ₹25k starting deposit. Withdraw any bank.",ponzi_related,hindi,llm_synthetic
"Premium VIP forex group: pay ₹20,000 entry, daily ROI ₹3,000+ for 60 days. Risk-free, 100% guaranteed. Limited slots remaining bhai.",ponzi_related,hindi,llm_synthetic
"Recruitment alert! Join karo hamari exclusive cash-flow community. Pay ₹8,000, 5 dost recruit karo, withdraw ₹40,000. Repeat as many times as you want. Easy money.",ponzi_related,hindi,llm_synthetic
"AI Trading Bot India! Bas launch hua! Deposit ₹40k, daily ₹6,000 kamao 30 days tak. Trading skill nahi chahiye. Bot sab kuch karta hai. Join Telegram group below.",ponzi_related,hindi,llm_synthetic
Maine ₹10 lakh kamaye pichle mahine is platform se 🎉 Started with ₹2 lakh investment. Weekly withdraw. Ab profits use kar ke recruit kar raha hu. Comment for details.,ponzi_related,hindi,llm_synthetic
"Final batch entry for India Forex Capital! ₹1 lakh minimum, 20% monthly guaranteed, 6-month contract. Already ₹50 crore paid. Limited slots — register today.",ponzi_related,hindi,llm_synthetic
"Hot deal! Pay ₹4,000 entry, matrix position lo, complete 2x2 matrix, withdraw ₹30,000. Avg cycle 10 days. Tested 1000+ times. Trustworthy admins.",ponzi_related,hindi,llm_synthetic
Financial freedom chahte ho? Join wealth multiplication program! ₹80k turns into ₹4 lakh in 60 days. Verified payouts to HDFC and ICICI Bank. Slots closing soon.,ponzi_related,hindi,llm_synthetic
Bhaiya ye new platform paying massively! Diamond package ₹4 lakh ₹1 lakh weekly deta hai. Withdrawals 6 hours mein. SEBI registered. Trustworthy. Join NOW.,ponzi_related,hindi,llm_synthetic
"Garib hona band karo! Hamara automated forex system ₹6,000+ daily kamata hai bina kuch kiye. ₹30k starting capital. Top Indian YouTubers recommend karte hain.",ponzi_related,hindi,llm_synthetic
Premium MLM crypto launching this weekend! Early bird ₹20k package returns ₹3 lakh in 30 days. Refer 10 logon ko extra ₹80k bonus milega. Slots filling rapidly.,ponzi_related,hindi,llm_synthetic
"India Elite Crypto Club! $2000 deposit, $200 daily for 30 days. AI-powered, risk-free. Only 100 elite slots available globally. Register via official admin.",ponzi_related,hindi,llm_synthetic
⏰ FINAL CALL ⏰ India Wealth Multipliers band ho raha hai midnight! ₹25k turns into ₹1.2 lakh in 21 days. Guaranteed. Tested. Trusted. Mauka mat chodo!,ponzi_related,hindi,llm_synthetic
"Bhai! Maine ₹2 lakh kamaye is platform se last week. Started ₹50k 3 weeks ago. Bot REAL hai. Comment ""INFO"" for WhatsApp group link.",ponzi_related,hindi,llm_synthetic
"NEW MMM MUMBAI! Provide Help ₹15k, Get Help ₹30k in 7 days. Verified by community. 50% bonus mavros for first 200 participants. Join immediately.",ponzi_related,hindi,llm_synthetic
"AI trading bot members ₹10,000+ daily kamate hain autopilot pe. ₹65k minimum deposit. Withdraw any bank. 6000+ Indians trust karte hain. Register today via link.",ponzi_related,hindi,llm_synthetic
"Smart Indians making smart money! Hamara forex group guaranteed 30% monthly ROI deta hai. ₹40k minimum, weekly paid. Verified track record. Limited slots remain.",ponzi_related,hindi,llm_synthetic
"Pay ₹15,000 starter package on exclusive crypto platform. Daily ₹2,500 compound interest 25 days tak. Total return ₹75k. Withdraw anytime after day 7.",ponzi_related,hindi,llm_synthetic
"Final batch for India Crypto 2.0! Deposits band ho rahe hain Friday. ₹80k turns into ₹2.5 lakh in 21 days. AI-managed, fully insured. Slots filling — register fast.",ponzi_related,hindi,llm_synthetic
Withdrawal proof: ₹3.5 lakh alert just dropped 🎉🎉 Started 6 weeks ago with ₹80k. Steady weekly profits. System bulletproof hai. DM for details.,ponzi_related,hindi,llm_synthetic
"Exclusive offer for smart Indians! ₹35k forex starter pack, returns ₹1.5 lakh in 30 days. Tested 2000+ times. Verified withdrawals. Don't miss this opportunity.",ponzi_related,hindi,llm_synthetic
"India Diamond Members Only! $5000 deposit, $500 daily for 30 days. That's $15k from $5k. AI smart contracts protect your funds. Limited to 50 elite investors.",ponzi_related,hindi,llm_synthetic
"Extra ₹80k monthly chahiye? Join forex signals VIP group. ₹12k subscription, signals making members ₹3,500+ daily. 94% win rate. Slots closing Sunday.",ponzi_related,hindi,llm_synthetic
"Hustle band karo! Hamara AI bot daily ₹8k kamata hai autopilot pe. ₹50k deposit, 30-day contract. Risk-free, automated. 4000+ members already earning.",ponzi_related,hindi,llm_synthetic
Naya investment platform paying massive! ₹80k turns into ₹3 lakh in 45 days. Bank-grade security. SEBI compliant. Same-day withdrawals. Limited 200 slots.,ponzi_related,hindi,llm_synthetic
"Pay ₹4,000 entry fee on exclusive matrix platform! Complete 3x3 matrix, withdraw ₹1 lakh. Avg completion 30 days. Already 10k matrices completed.",ponzi_related,hindi,llm_synthetic
"URGENT! India Forex final phase Monday open ho raha hai. Last chance to invest before permanent closure. ₹80k minimum, 20% monthly returns. Limited.",ponzi_related,hindi,llm_synthetic
India Wealth Solutions VIP! Premium package ₹2.5 lakh earns ₹60k weekly. Withdrawals every Friday to your bank. Already ₹80 crore paid to investors this year.,ponzi_related,hindi,llm_synthetic
"Crypto wealth opportunity! Deposit 100 USDT, hamara trading bot grow karega 500 USDT in 30 days. Guaranteed. Withdraw anytime. Refer dost, 20% commission.",ponzi_related,hindi,llm_synthetic
Indians abroad ke liye massive opportunity! Diaspora investment scheme returns 200% in 90 days. Min $500. Verified payouts to Western Union and bank.,ponzi_related,hindi,llm_synthetic
"India FastCash Premium! $300 deposit, $30 daily for 20 days. Total return $600. AI-managed, risk-free trading. Slots filling — secure yours today.",ponzi_related,hindi,llm_synthetic
Just withdrew ₹5 lakh from this forex platform 🎉 Started ₹1.2 lakh 8 weeks ago. Steady compound growth. No scam — Indian regulators verified.,ponzi_related,hindi,llm_synthetic
"Naya AI mining program launched! ₹40k starter package, 6% daily for 25 days. Withdraw anytime. Refer 5 dost get free upgrade to Premium.",ponzi_related,hindi,llm_synthetic
EXCLUSIVE drop! Hamara wealth multiplication program ₹20k ko ₹1.2 lakh banata hai 21 din mein. Tested 5000+ times. Verified bank withdrawals. 100 slots daily.,ponzi_related,hindi,llm_synthetic
URGENT slot alert! Premium MMM India phase Monday open ho raha hai. ₹40k provide help returns ₹80k in 14 days. Verified by admins. Mauka mat chodo!,ponzi_related,hindi,llm_synthetic
"Trading masters group offer! ₹15k entry, signals making ₹4k+ daily. 95% accuracy. Already 7000+ members. Withdraw to Paytm/PhonePe/UPI anytime.",ponzi_related,hindi,llm_synthetic
"India Crypto Pro is REAL deal! Mera dost ne ₹1.5 lakh deposit kiya last month, just withdrew ₹4.5 lakh yesterday. Bot consistent hai. Comment for admin contact.",ponzi_related,hindi,llm_synthetic
"Wealth-creation opportunity! Pay ₹28k entry, 4 dost recruit karo, withdraw ₹1.5 lakh in 18 days. Pyramid system. 15,000 cycles completed nationally.",ponzi_related,hindi,llm_synthetic
"Brand new crypto arbitrage platform! Deposit $200, earn $20 daily for 30 days. AI-managed, risk-free. Refer dost earn 15% commission. Slots filling fast.",ponzi_related,hindi,llm_synthetic
Weekend hot offer! Forex platform 50% bonus de raha hai deposits over ₹80k. Earn 25% monthly guaranteed. Slots closing Sunday — register fast.,ponzi_related,hindi,llm_synthetic
"India Diamond Club opening! ₹8k entry, recruit 2 dost, withdraw ₹65k in 24 hours. 100k cycles completed already. Verified payouts. Trustworthy admin team.",ponzi_related,hindi,llm_synthetic
AI Trading Pro India! Members ₹12k daily kamate hain on automated platform. ₹65k starting deposit. Withdraw anytime. Already paid ₹150 crore this year.,ponzi_related,hindi,llm_synthetic
"FINAL CHANCE! India Loom Premium closing registration midnight. ₹12k entry, ₹95k payout when loom completes. Avg 8 days. Tested 50k+ times.",ponzi_related,hindi,llm_synthetic
Get rich with exclusive investment club! ₹1.5 lakh membership earns ₹40k weekly for 12 weeks. Total profit ₹3 lakh. Verified withdrawals. Join elite.,ponzi_related,hindi,llm_synthetic
"Passive income chahiye? Hamara AI forex bot tumhare liye ₹5,500 daily kamata hai. ₹35k starting deposit. Withdraw anytime. 10,000+ Indians trust karte. Register now.",ponzi_related,hindi,llm_synthetic
India Wealth Diamond! ₹4 lakh earns ₹1 lakh weekly for 16 weeks. That's ₹16 lakh from ₹4 lakh. Withdrawals process Friday. SEBI compliant. Limited slots.,ponzi_related,hindi,llm_synthetic
Hot crypto opportunity aaj drop ho raha hai! Hamara AI bot USDT trade karta 8% daily compound pe. Min $100. Verified withdrawals. 15k members earning. Don't sleep!,ponzi_related,hindi,llm_synthetic
"NEW MMM PHASE LAUNCHING! Provide Help ₹80k, Get Help ₹1.6 lakh in 21 days. Verified by community. 30% bonus first 100 participants. Join WhatsApp group.",ponzi_related,hindi,llm_synthetic
"India Crypto Final Phase! Last chance to invest before permanent closure. $500 deposit returns $1,500 in 30 days. AI-managed. Don't miss final wealth wave!",ponzi_related,hindi,llm_synthetic
Smart investors only! Exclusive forex group earning members ₹15k+ daily. ₹20k monthly subscription. 96% win rate. 8000+ Indians trust. Slots filling.,ponzi_related,hindi,llm_synthetic
"Doosron ko amir banta dekh ke band karo! Crypto mining bot daily ₹10k kamata hai autopilot. ₹55k deposit, 30-day contract. Withdraw via Paytm/UPI anytime.",ponzi_related,hindi,llm_synthetic
"Premium wealth opportunity! Pay ₹40k entry, earn ₹12k weekly for 10 weeks. That's ₹1.2 lakh profit from ₹40k. SEBI-aware platform. Verified payouts.",ponzi_related,hindi,llm_synthetic
"Naya AI investment platform paying daily! ₹65k starter package returns ₹2 lakh in 30 days. Withdraw to any Indian bank. 12,000 members earning consistently.",ponzi_related,hindi,llm_synthetic
URGENT FINAL CALL! India Wealth Federation closing registration tonight midnight. ₹32k turns into ₹1.6 lakh in 25 days. Guaranteed. Tested. Trustworthy.,ponzi_related,hindi,llm_synthetic
Dost yeh sahi platform hai! Pichle 6 mahine se mere bhai ne ₹3 lakh kamaye. Sirf ₹50k laga ke shuru kiya. Telegram group join karo proof ke liye.,ponzi_related,hindi,llm_synthetic
"Aaj mass payout! 50 members ne ₹1.5 lakh+ withdraw kiya hamare platform se. Tum bhi join karo. Min ₹25k deposit, daily ₹3k income. SBI/HDFC mein direct.",ponzi_related,hindi,llm_synthetic
Behenji main bhi shuru mein dar gayi thi. Lekin ₹20k laga ke 30 din mein ₹80k mil gaya. Sach mein paisa double hota hai. Trust karo aur invest karo.,ponzi_related,hindi,llm_synthetic
Tax-free investment alert! Hamara offshore crypto platform 100% returns deta hai bina kisi tax ke. Min $200 deposit. Indian banks pe withdrawal. Limited slots.,ponzi_related,hindi,llm_synthetic
"Bhai abhi tak nahi kiya? CBEX India branch khul gayi! ₹30k deposit, daily ₹2k. AI trading bot 30 din mein paisa double karta. Don't wait — slots filling!",ponzi_related,hindi,llm_synthetic
"Pyramid scheme but legal! Top mein admins, neeche tum. ₹10k pay karo, 4 logon ko recruit karo, ₹50k withdraw karo. Math simple hai. Try karke dekho.",ponzi_related,hindi,llm_synthetic
"Crypto staking ka jadu! Deposit 1000 USDT, daily 8% earn karo automatically. Compounding interest forever. Withdraw kabhi bhi. 20% referral commission.",ponzi_related,hindi,llm_synthetic
Bhaiyon yeh dekho! Maine 6 mahine pehle ₹50k laga ke shuru kiya tha. Aaj ₹6 lakh ka portfolio hai. Bot daily 5-7% return deta hai. Pucca scheme hai.,ponzi_related,hindi,llm_synthetic
Naya gold mining investment app! ₹20k laga ke daily ₹2k kamao. Real gold backed. Government registered. 30-day contract guaranteed. Slots filling fast.,ponzi_related,hindi,llm_synthetic
"India Royal Forex VIP! Diamond tier ₹5 lakh deposit, ₹1.25 lakh weekly for 16 weeks. Total ₹20 lakh from ₹5 lakh. SEBI compliant. Verified payouts.",ponzi_related,hindi,llm_synthetic
FREE 100% bonus aaj sirf! Register karo ₹20k deposit ke saath aur free ₹20k bonus paao. Trading capital ₹40k ho jayega. 30-day contract. Don't miss!,ponzi_related,hindi,llm_synthetic
"Bachpan ka dost mila aaj! Usne bataya ki ek scheme se ₹15 lakh kamaye. Maine bhi try kiya, ₹1 lakh laga ke ₹4 lakh mile. Genuine hai bhai!",ponzi_related,hindi,llm_synthetic
"Daily compound interest pe shoo! Min ₹15k deposit, daily 4% interest 25 days tak. Total return ₹39k. Verified by RBI? Of course nahi but kaam karta hai!",ponzi_related,hindi,llm_synthetic
"Naya scheme aaj launch! Pay ₹5k membership fee, 8 logon ko refer karo, ₹50k cash out karo. Loom money structure. Test kiya gaya 5000+ times.",ponzi_related,hindi,llm_synthetic
"Indian crypto millionaires! Sirf ₹50k laga ke startup mein, 6 mahine baad ₹10 lakh. AI trading magic. Telegram group mein proofs hain. Sign up via link.",ponzi_related,hindi,llm_synthetic
"VIP forex master Akash bhai signals share kar rahe hain! ₹15k subscription, monthly ₹80k+ kamao. 96% win rate. WhatsApp +91 98xxxxx for invite.",ponzi_related,hindi,llm_synthetic
Dost forex trading sikhao karna chahta hai. Hamara course ₹25k mein. Plus VIP signals group lifetime access. Daily ₹3-5k profit guaranteed. Pay via UPI.,ponzi_related,hindi,llm_synthetic
Last 24 hours bhai! India Wealth Pro 50% bonus offer khatam ho raha hai. ₹50k deposit ke saath ₹25k FREE bonus. Total trading capital ₹75k. Hurry!,ponzi_related,hindi,llm_synthetic
Bachat khata se nahi banoge amir. Hamara investment platform ₹40k ko ₹2 lakh banata hai 30 din mein. Daily withdrawal facility. SBI/HDFC instant transfer.,ponzi_related,hindi,llm_synthetic
Maine apni dadi ka pension lagaya is platform pe. 3 mahine baad pension double ho gayi! Real-life testimony. Aap bhi try karo. ₹10k se shuru kar sakte ho.,ponzi_related,hindi,llm_synthetic
"Forex auto-trading bot ki magic! Connect karo broker account, bot sambhalega trades. Daily ₹2-4k pakka. ₹30k starting capital. Tested 6 months. Reliable.",ponzi_related,hindi,llm_synthetic
"Naya Loom Money India variant! ₹6k entry fee, 8 logon ko recruit karo, ₹48k payout 5 din mein. Pyramid structure but works! Test kiya 30k+ cycles.",ponzi_related,hindi,llm_synthetic
Bhaiyon final chance! India Royal Crypto closing tonight 11:59 PM. ₹35k deposit returns ₹1.5 lakh in 25 days. AI-managed. Already 200 crore paid out.,ponzi_related,hindi,llm_synthetic
🚨 Investasi cerdas dengan return 10% per hari! Mulai dari Rp 500.000 dan dapatkan Rp 5 juta dalam sebulan. Dijamin aman dan legal. Daftar sekarang!,ponzi_related,indonesian,llm_synthetic
"CBEX Indonesia buka slot baru! AI trading otomatis, profit 100% dalam 30 hari. Deposit minimum Rp 2 juta. Daftar sekarang sebelum tutup. Limited slots!",ponzi_related,indonesian,llm_synthetic
Bro saya baru tarik Rp 8 juta dari platform ini! Modal awal cuma Rp 1 juta dua minggu lalu. Bukan scam bro. Pakai kode referral DEMI2024 dapat bonus Rp 200rb 💰,ponzi_related,indonesian,llm_synthetic
Peluang emas! Bergabung dengan grup investasi forex eksklusif. Modal Rp 1 juta jadi Rp 5 juta dalam 2 minggu. Tanpa risiko. Garansi 100%.,ponzi_related,indonesian,llm_synthetic
"⚡ URGENT ⚡ Slot tutup MALAM INI! Bayar Rp 500rb entry fee, terima Rp 2 juta dalam 7 hari. Pyramid structure, payout dijamin saat downline penuh. Admin verified ✅",ponzi_related,indonesian,llm_synthetic
Bot mining crypto terbaru! Hubungkan wallet Anda dan dapatkan Rp 500.000 per hari otomatis. 100 pengguna pertama bonus Rp 2 juta. Buruan daftar 🚀,ponzi_related,indonesian,llm_synthetic
Saya sudah buktikan! Invest Rp 3 juta minggu lalu dan withdraw Rp 9 juta hari ini. Bukan penipuan. WhatsApp 08123xxxxx untuk link grup.,ponzi_related,indonesian,llm_synthetic
Kesempatan terbatas! Program referral membayar komisi 20% seumur hidup. Ajak teman dan nikmati passive income jutaan per bulan. Bergabung sekarang!,ponzi_related,indonesian,llm_synthetic
Penghasilan harian terjamin! Member rata-rata menghasilkan Rp 1.5 juta hari ini di platform forex kami. Join grup VIP free signal. Deposit min Rp 500rb. Profit ke BCA langsung.,ponzi_related,indonesian,llm_synthetic
Bro coba lihat ini — saya mulai dengan Rp 800rb di platform AI trading 3 minggu lalu. Sekarang saldo Rp 4.5 juta. Tarik Rp 1.5 juta kemarin. Real bro. DM saya.,ponzi_related,indonesian,llm_synthetic
"Skema baru yang membayar! Bayar Rp 300rb, dapat posisi matrix, rekrut 4 orang di downline, tarik Rp 3 juta saat matrix selesai. Rata-rata 14 hari. Tested!",ponzi_related,indonesian,llm_synthetic
"Premium investment club exclusive offer! Bayar Rp 1.5 juta join-up, terima Rp 750rb weekly selama 8 minggu. Total Rp 6 juta. OJK-aware platform.",ponzi_related,indonesian,llm_synthetic
"Hot crypto opportunity! AI bot kami menumbuhkan USDT 7% daily compound. Deposit min $200, withdraw kapan saja setelah 7 hari. Referral 15% komisi.",ponzi_related,indonesian,llm_synthetic
Terakhir kali daftar Racksterli Indonesia Premium! Hanya 50 slot tersisa untuk paket Rp 500rb yang bayar Rp 4 juta bulanan. Tutup Minggu malam!,ponzi_related,indonesian,llm_synthetic
Pengingat terakhir bro! MMM Indonesia launch besok! Initial deposit dapat 50% bonus mavros. ROI 30% per bulan dijamin. 100rb member sudah daftar.,ponzi_related,indonesian,llm_synthetic
Investor cerdas Indonesia! Paket starter Rp 1 juta returns Rp 5 juta dalam 30 hari. Penarikan diproses dalam 2 jam via bank transfer.,ponzi_related,indonesian,llm_synthetic
Trading signals VIP group offer! Rp 200rb monthly fee untuk signal yang menghasilkan Rp 100rb+ daily. 92% akurasi. 1500+ member trust. Slots filling.,ponzi_related,indonesian,llm_synthetic
⚡ Bukti penarikan terlampir! Baru tarik Rp 5 juta dari CBEX. Modal Rp 1.5 juta 12 hari lalu. Tested dan reliable. Komen YA untuk grup resmi.,ponzi_related,indonesian,llm_synthetic
"Platform baru: Indo Forex Pro! Min Rp 500rb deposit, 15% guaranteed weekly returns. OJK compliant, fully insured. 100 pendaftar pertama dapat free trading course.",ponzi_related,indonesian,llm_synthetic
Hasilkan uang sambil tidur 💤💰 Bot trading otomatis kami menghasilkan Rp 200rb+ daily tanpa lifting a finger. Modal Rp 800rb. Withdraw ke bank manapun.,ponzi_related,indonesian,llm_synthetic
"Premium VIP forex group: bayar Rp 700rb entry, terima daily ROI Rp 150rb+ selama 60 hari. Risk-free, 100% guaranteed. Slot terbatas tersisa.",ponzi_related,indonesian,llm_synthetic
"Recruitment alert! Join komunitas exclusive cash-flow kami. Bayar Rp 300rb, rekrut 5 teman, tarik Rp 1.5 juta. Repeat sebanyak yang Anda mau. Easy money!",ponzi_related,indonesian,llm_synthetic
"Brand new MLM crypto opportunity! Deposit $100 USDT, refer 3 orang, withdraw $500 dalam 7 hari. Binary matrix system, fully automated. Don't miss 🚀",ponzi_related,indonesian,llm_synthetic
"AI Trading Bot Indonesia! Baru launch! Deposit Rp 1.5 juta, hasilkan Rp 250rb daily selama 30 hari. Tidak perlu skill trading. Bot lakukan semuanya. Join Telegram below.",ponzi_related,indonesian,llm_synthetic
Saya hasilkan Rp 40 juta bulan lalu dari platform ini 🎉 Modal Rp 7 juta. Tarik mingguan. Sekarang pakai profit untuk recruit lagi. Komen untuk detail.,ponzi_related,indonesian,llm_synthetic
"Final batch entry untuk Indo Forex Capital! Min Rp 3 juta, 20% monthly dijamin, kontrak 6 bulan. Sudah bayar Rp 150 miliar ke investor. Slot terbatas — daftar hari ini.",ponzi_related,indonesian,llm_synthetic
"Hot deal! Bayar Rp 150rb entry, dapat matrix position, selesaikan 2x2 matrix, tarik Rp 1.2 juta. Rata-rata cycle 10 hari. Tested 1000+ kali. Admin terpercaya.",ponzi_related,indonesian,llm_synthetic
Ingin kebebasan finansial? Bergabung program multiplikasi kekayaan kami! Rp 3 juta jadi Rp 15 juta dalam 60 hari. Verified payouts ke BCA dan Mandiri.,ponzi_related,indonesian,llm_synthetic
CBEX FastTrack Package tersedia! $1000 deposit returns $2000 dalam 14 hari. AI-managed risk-free trades. Verified withdrawals ke DANA dan GoPay. Jangan lewatkan!,ponzi_related,indonesian,llm_synthetic
Profit massive dijamin! Crypto arbitrage bot kami menghasilkan 3% daily compound. Min deposit $50. Trusted by 8000+ users global. Sign up dengan referral DEMI for bonus.,ponzi_related,indonesian,llm_synthetic
Welcome bonus hari ini saja! Daftar platform forex kami dengan deposit Rp 700rb dan dapat FREE Rp 350rb trading credit. ROI 25% weekly. Penawaran 24 jam.,ponzi_related,indonesian,llm_synthetic
"Kesempatan exclusive! Donasi Rp 1.5 juta ke upline, rekrut 4 orang, terima Rp 12 juta dalam 30 hari. Kepastian matematis. 50rb orang Indonesia sudah daftar.",ponzi_related,indonesian,llm_synthetic
"Hot off the press: Loom Diamond 2.0 launched! Rp 800rb entry, Rp 6 juta payout saat loom selesai. Verified payouts. Sudah 12rb cycles minggu ini saja.",ponzi_related,indonesian,llm_synthetic
Saya baru terima Rp 10 juta alert dari forex broker saya 🎉 Mulai 2 bulan lalu dengan Rp 2.5 juta. Compounding profits. System works. Slot WhatsApp group tersedia.,ponzi_related,indonesian,llm_synthetic
URGENT WhatsApp group invite! Premium forex signals making members Rp 450rb daily. Rp 600rb monthly subscription. 96% win rate. DM admin untuk invite link.,ponzi_related,indonesian,llm_synthetic
"Wealth-building system untuk serious investors! Bayar Rp 6 juta, hasilkan Rp 750rb weekly selama 16 minggu. That's Rp 12 juta profit. Tarik tiap Jumat.",ponzi_related,indonesian,llm_synthetic
"AI mining bot baru support Rupiah deposits! Min Rp 1 juta, return 6% daily selama 25 hari. Tarik anytime via OVO. Affiliate commission 20% on referrals. Join now!",ponzi_related,indonesian,llm_synthetic
Bayar Rp 500rb entry fee untuk wealth course exclusive AND VIP signals group. Member earning Rp 6 juta+ monthly. Money-back guarantee. 30 slot terakhir.,ponzi_related,indonesian,llm_synthetic
CBEX membuat jutawan! Real testimonials di grup kami. Rp 15 juta deposit returned Rp 75 juta dalam 8 minggu. Don't miss generational wealth opportunity!,ponzi_related,indonesian,llm_synthetic
Withdrawal Friday! Baru terima Rp 5.5 juta dari platform investment kami. Ini withdrawal mingguan ke-3. ROI consistent. Use my link untuk bonus Rp 150rb.,ponzi_related,indonesian,llm_synthetic
"NEW SCHEME ALERT 🚨 Bayar Rp 400rb, rekrut 6 orang, tarik Rp 2.1 juta. Pyramid binary structure. Avg completion 18 hari. Sudah 25rb cycles selesai!",ponzi_related,indonesian,llm_synthetic
Imagine Global Indonesia paying massive! Diamond package Rp 15 juta hasilkan Rp 3.75 juta weekly. Penarikan dalam 6 jam. OJK registered. Join NOW.,ponzi_related,indonesian,llm_synthetic
Stop being broke! Sistem forex otomatis kami menghasilkan Rp 250rb+ daily tanpa Anda lifting a finger. Modal Rp 1.2 juta. Direkomendasi YouTubers Indonesia top.,ponzi_related,indonesian,llm_synthetic
"Premium MLM crypto launching weekend ini! Early bird paket Rp 800rb, returns Rp 12 juta dalam 30 hari. Refer 10 orang dapat extra Rp 3 juta bonus. Slot filling.",ponzi_related,indonesian,llm_synthetic
"CBEX Elite Members Club! $2000 deposit, $200 daily for 30 days. AI-powered, risk-free. Hanya 100 elite slots tersedia globally. Daftar via official admin.",ponzi_related,indonesian,llm_synthetic
⏰ FINAL CALL ⏰ Indo Wealth Multipliers tutup pendaftaran tengah malam! Rp 900rb jadi Rp 4.5 juta dalam 21 hari. Dijamin. Tested. Trusted. Jangan tidur!,ponzi_related,indonesian,llm_synthetic
"Bro! Saya hasilkan Rp 6.5 juta dari platform ini minggu lalu. Mulai Rp 1.8 juta 3 minggu lalu. Bot REAL deal. Komen ""INFO"" untuk WhatsApp group link.",ponzi_related,indonesian,llm_synthetic
"NEW MMM JAKARTA! Provide Help Rp 600rb, Get Help Rp 1.2 juta dalam 7 hari. Verified by community. 50% bonus mavros untuk 200 peserta pertama.",ponzi_related,indonesian,llm_synthetic
AI trading bot members menghasilkan Rp 350rb+ daily on autopilot. Min Rp 2.5 juta deposit. Withdraw ke any bank. Trusted by 6000+ Indonesians.,ponzi_related,indonesian,llm_synthetic
"Indonesian cerdas making smart money! Forex group kami offers guaranteed 30% monthly ROI. Min Rp 1.5 juta, paid weekly. Verified track record. Slot terbatas.",ponzi_related,indonesian,llm_synthetic
Bayar Rp 600rb starter package di exclusive crypto platform. Earn Rp 100rb daily compound interest selama 25 hari. Total return Rp 2.8 juta. Withdraw anytime.,ponzi_related,indonesian,llm_synthetic
"Final batch untuk CBEX 2.0! Deposits closing Friday. Rp 3 juta jadi Rp 9 juta dalam 21 hari. AI-managed, fully insured. Slots filling — daftar via admin official.",ponzi_related,indonesian,llm_synthetic
Withdrawal proof: Rp 13.5 juta alert just dropped 🎉🎉 Started platform ini 6 minggu lalu dengan Rp 3 juta. Steady weekly profits. System bulletproof. DM detail.,ponzi_related,indonesian,llm_synthetic
"New Loom variant launched! Bayar Rp 240rb, rekrut 8 orang, terima Rp 1.9 juta payout saat loom selesai. Avg cycle 12 hari. 30rb cycles selesai bulan ini.",ponzi_related,indonesian,llm_synthetic
"Exclusive offer untuk Indonesian cerdas! Rp 1.2 juta forex starter pack, returns Rp 6 juta dalam 30 hari. Tested 2000+ kali. Verified withdrawals.",ponzi_related,indonesian,llm_synthetic
"CBEX Diamond Members Only! $5000 deposit, $500 daily for 30 days. That's $15k dari $5k. AI smart contracts protect funds. Limited to 50 elite investors.",ponzi_related,indonesian,llm_synthetic
"Mau Rp 3 juta extra bulanan? Join forex signals VIP group. Rp 450rb subscription, signals make members Rp 120rb+ daily. 94% win rate. Slots closing Minggu.",ponzi_related,indonesian,llm_synthetic
Massive payout day untuk Racksterli Indonesia Premium members! Rp 7.5 juta payouts diproses across Indonesian banks. Subscribe Rp 750rb start earning Rp 1.8 juta+ monthly.,ponzi_related,indonesian,llm_synthetic
"Stop hustling for nothing! Bot AI kami buat Anda Rp 300rb daily on autopilot. Modal Rp 1.8 juta, kontrak 30 hari. Risk-free, fully automated. 4000+ members earning.",ponzi_related,indonesian,llm_synthetic
New investment platform paying massive! Rp 3 juta jadi Rp 12 juta dalam 45 hari. Bank-grade security. OJK compliant. Same day withdrawals. Limited 200 slots.,ponzi_related,indonesian,llm_synthetic
"Bayar Rp 150rb entry fee on exclusive matrix platform! Complete 3x3 matrix, withdraw Rp 3.75 juta. Avg completion 30 hari. Sudah 10rb matrices completed.",ponzi_related,indonesian,llm_synthetic
"URGENT! MBA Forex Indonesia final phase buka Senin. Last chance to invest before close permanent. Min Rp 3 juta, 20% monthly returns. Limited.",ponzi_related,indonesian,llm_synthetic
Imagine Global Solutions VIP! Premium package Rp 9 juta earns Rp 2.25 juta weekly. Penarikan tiap Jumat ke bank Anda. Sudah Rp 240 miliar paid this year.,ponzi_related,indonesian,llm_synthetic
"Crypto wealth opportunity! Deposit 100 USDT, trading bot kami grows ke 500 USDT dalam 30 hari. Dijamin. Withdraw anytime. Refer teman, earn 20% commission.",ponzi_related,indonesian,llm_synthetic
Massive opportunity untuk Indonesian abroad! Diaspora investment scheme returns 200% dalam 90 hari. Min $500. Verified payouts ke Western Union dan bank.,ponzi_related,indonesian,llm_synthetic
"CBEX FastCash Premium! $300 deposit, $30 daily for 20 days. Total return $600. AI-managed, risk-free trading. Slots filling — secure hari ini.",ponzi_related,indonesian,llm_synthetic
Saya baru tarik Rp 18 juta dari platform forex ini 🎉 Mulai Rp 4.5 juta 8 minggu lalu. Steady compound growth. Bukan scam — verified by Indonesian regulators.,ponzi_related,indonesian,llm_synthetic
"AI mining program baru launched! Rp 1.5 juta starter package, 6% daily selama 25 hari. Withdraw anytime. Refer 5 teman get free upgrade Premium.",ponzi_related,indonesian,llm_synthetic
EXCLUSIVE drop! Wealth multiplication program kami turn Rp 750rb jadi Rp 4.5 juta dalam 21 hari. Tested 5000+ kali. Verified bank withdrawals. 100 slots daily.,ponzi_related,indonesian,llm_synthetic
URGENT slot alert! Premium MMM Indonesia Federal phase buka besok. Rp 1.5 juta provide help returns Rp 3 juta dalam 14 hari. Verified by admins.,ponzi_related,indonesian,llm_synthetic
"Trading masters group offer! Rp 600rb entry, signals make Rp 150rb+ daily. 95% accuracy. Sudah 7000+ members. Withdraw profits ke DANA/OVO/GoPay anytime.",ponzi_related,indonesian,llm_synthetic
"CBEX adalah REAL deal! Teman saya deposit Rp 6 juta bulan lalu, baru tarik Rp 18 juta kemarin. AI bot konsisten. Komen untuk admin kontak resmi.",ponzi_related,indonesian,llm_synthetic
"Wealth-creation opportunity! Bayar Rp 1 juta entry, rekrut 4 teman, tarik Rp 5.5 juta dalam 18 hari. Pyramid system. Sudah 15rb cycles selesai nationally.",ponzi_related,indonesian,llm_synthetic
"Brand new crypto arbitrage platform! Deposit $200, earn $20 daily for 30 hari. AI-managed, risk-free. Refer teman earn 15% commission. Slots filling fast.",ponzi_related,indonesian,llm_synthetic
Hot weekend offer! Platform forex memberikan 50% bonus on deposits over Rp 3 juta. Earn 25% monthly guaranteed. Slots closing Minggu — daftar sekarang.,ponzi_related,indonesian,llm_synthetic
"Indo Diamond Club opening! Rp 300rb entry, rekrut 2 orang, tarik Rp 2.4 juta dalam 24 jam. Sudah 100rb cycles selesai. Verified payouts. Trustworthy admin team.",ponzi_related,indonesian,llm_synthetic
AI Trading Pro Indonesia! Members make Rp 450rb daily on automated platform. Min Rp 2.5 juta deposit. Withdraw anytime. Sudah paid Rp 600 miliar this year.,ponzi_related,indonesian,llm_synthetic
"FINAL CHANCE! Loom Money Indonesia Premium closing pendaftaran tengah malam. Rp 450rb entry, Rp 3.5 juta payout saat loom selesai. Avg 8 hari. Tested 50k+ kali.",ponzi_related,indonesian,llm_synthetic
Get rich dengan exclusive investment club kami! Rp 6 juta membership earns Rp 1.5 juta weekly selama 12 minggu. Total profit Rp 12 juta. Verified withdrawals.,ponzi_related,indonesian,llm_synthetic
Mau passive income? AI forex bot kami earn Rp 200rb daily untuk Anda. Modal Rp 1.3 juta. Withdraw anytime. Trusted by 10rb+ Indonesians. Daftar sekarang.,ponzi_related,indonesian,llm_synthetic
Indo Wealth Diamond! Rp 15 juta earns Rp 3.75 juta weekly selama 16 minggu. Total Rp 60 juta dari Rp 15 juta. Penarikan Jumat. OJK compliant.,ponzi_related,indonesian,llm_synthetic
Hot crypto opportunity dropping today! AI bot kami trade USDT 8% daily compound. Min $100. Verified withdrawals. 15rb members already earning. Don't sleep!,ponzi_related,indonesian,llm_synthetic
"NEW MMM PHASE LAUNCHING! Provide Help Rp 3 juta, Get Help Rp 6 juta dalam 21 hari. Verified by community. 30% bonus first 100 participants. Join WhatsApp.",ponzi_related,indonesian,llm_synthetic
"CBEX Final Phase Indonesia! Last chance to invest before permanent closure. $500 deposit returns $1,500 dalam 30 hari. AI-managed. Don't miss final wealth wave!",ponzi_related,indonesian,llm_synthetic
Smart investors only! Exclusive forex group kami earning members Rp 600rb+ daily. Rp 750rb monthly subscription. 96% win rate. Trusted 8000+ Indonesians.,ponzi_related,indonesian,llm_synthetic
"Stop watching others get rich! Crypto mining bot kami earn Rp 350rb daily on autopilot. Modal Rp 2 juta, kontrak 30 hari. Withdraw via DANA/OVO/GoPay.",ponzi_related,indonesian,llm_synthetic
"Premium wealth opportunity! Bayar Rp 1.5 juta entry, earn Rp 450rb weekly selama 10 minggu. That's Rp 4.5 juta profit dari Rp 1.5 juta. OJK-aware platform.",ponzi_related,indonesian,llm_synthetic
New AI investment platform paying daily! Rp 2.5 juta starter package returns Rp 7.5 juta dalam 30 hari. Withdraw ke Indonesian bank apapun. 12rb members earning.,ponzi_related,indonesian,llm_synthetic
URGENT FINAL CALL! Indo Wealth Federation closing pendaftaran tonight midnight. Rp 1.2 juta jadi Rp 6 juta dalam 25 hari. Dijamin. Tested. Trustworthy.,ponzi_related,indonesian,llm_synthetic
Bro platform yang real! Selama 6 bulan saudara saya hasilkan Rp 95 juta. Modal awal Rp 1.5 juta. Join Telegram group untuk bukti pembayaran asli.,ponzi_related,indonesian,llm_synthetic
"Mass payout hari ini! 50 members withdraw Rp 5 juta+ dari platform kami. Anda juga bisa. Min Rp 750rb deposit, daily Rp 90rb income. BCA/Mandiri direct.",ponzi_related,indonesian,llm_synthetic
Mbak juga awalnya takut. Tapi setelah invest Rp 600rb dalam 30 hari saya tarik Rp 2.4 juta. Uang bener-bener double. Trust dan invest aja.,ponzi_related,indonesian,llm_synthetic
Tax-free investment alert! Platform crypto offshore kami berikan 100% returns tanpa pajak apapun. Min $200 deposit. Indonesian banks withdrawal. Slots terbatas.,ponzi_related,indonesian,llm_synthetic
"Bro belum coba? CBEX Indonesia branch sudah buka! Rp 900rb deposit, daily Rp 60rb. AI trading bot double-kan uang Anda dalam 30 hari. Slots filling!",ponzi_related,indonesian,llm_synthetic
"Pyramid scheme tapi legal! Top admin, bawah Anda. Bayar Rp 300rb, rekrut 4 orang, tarik Rp 1.5 juta. Matematika simple. Coba saja, gimana.",ponzi_related,indonesian,llm_synthetic
"Crypto staking magic! Deposit 1000 USDT, daily 8% earn otomatis. Compounding interest forever. Withdraw kapan saja. 20% referral commission untuk Anda.",ponzi_related,indonesian,llm_synthetic
Bro lihat ini! Saya mulai 6 bulan lalu dengan Rp 1.5 juta. Sekarang portfolio Rp 18 juta. Bot daily 5-7% return. Pasti skema ini real bro.,ponzi_related,indonesian,llm_synthetic
"App investment emas baru! Rp 600rb laga, daily Rp 60rb hasilkan. Real gold backed. Government registered. 30-day contract guaranteed. Slots filling fast.",ponzi_related,indonesian,llm_synthetic
"Indo Royal Forex VIP! Diamond tier Rp 15 juta deposit, Rp 3.75 juta weekly selama 16 minggu. Total Rp 60 juta dari Rp 15 juta. OJK compliant.",ponzi_related,indonesian,llm_synthetic
FREE 100% bonus hari ini saja! Daftar Rp 600rb deposit dapat free Rp 600rb bonus. Trading capital jadi Rp 1.2 juta. 30-day contract. Don't miss!,ponzi_related,indonesian,llm_synthetic
Last 24 jam bro! Indo Wealth Pro 50% bonus offer berakhir. Rp 1.5 juta deposit dengan Rp 750rb FREE bonus. Total Rp 2.25 juta trading capital. Hurry!,ponzi_related,indonesian,llm_synthetic
